
{
  "camera": {
    "c_pos": [6.247538, 1.816651, 1.110346, 1.000000],
    "c_lookat": [1.485389, 0.693623, 0.080418, 1.000000],
    "fov": 1.000000,
    "focal_distance": 5.000000
  },
  "editor": {
    "ui_alpha_target": 1.000000,
    "cur_tab": 1,
    "tabs": [
      {
        "fname": "livesrc/orange.glsl",
        "font_height": 34,
        "scroll_y": 0.000000,
        "cursor_idx": 0,
        "select_idx": 0
      },
      {
        "fname": "livesrc/audio.cpp",
        "font_height": 36,
        "scroll_y": 0.000000,
        "cursor_idx": 59,
        "select_idx": 59
      }
    ]
  }
}
